atpmediainfo	andy_murray
atptour	andy_murray
australianopen	andy_murray
bbctennis	andy_murray
bnpparibasopen	andy_murray
carowozniacki	andy_murray
andy_murray	carowozniacki
daviscup	andy_murray
fedcup	andy_murray
mutuamadridopen	andy_murray
rogerfederer	andy_murray
serenawilliams	andy_murray
andy_murray	serenawilliams
tennis	andy_murray
tennis_now	andy_murray
tennischannel	andy_murray
usopen	andy_murray
usta	andy_murray
wimbledon	andy_murray
wta	andy_murray
wta_insider	andy_murray
australianopen	ashbarty
fedcup	ashbarty
tennis	ashbarty
tennis_now	ashbarty
tennischannel	ashbarty
usopen	ashbarty
wimbledon	ashbarty
ashbarty	wimbledon
wta	ashbarty
ashbarty	wta
wta_insider	ashbarty
ashbarty	wta_insider
atptour	atpmediainfo
atpmediainfo	atptour
australianopen	atpmediainfo
atpmediainfo	australianopen
atpmediainfo	bbctennis
bnpparibasopen	atpmediainfo
atpmediainfo	bnpparibasopen
daviscup	atpmediainfo
atpmediainfo	daviscup
atpmediainfo	milosraonic
mutuamadridopen	atpmediainfo
atpmediainfo	mutuamadridopen
atpmediainfo	rafaelnadal
atpmediainfo	rogerfederer
tennis	atpmediainfo
atpmediainfo	tennis
tennis_now	atpmediainfo
tennischannel	atpmediainfo
atpmediainfo	tennischannel
usopen	atpmediainfo
atpmediainfo	usopen
usta	atpmediainfo
atpmediainfo	usta
atpmediainfo	wimbledon
atpmediainfo	wta
wta_insider	atpmediainfo
atpmediainfo	wta_insider
australianopen	atptour
atptour	australianopen
bbctennis	atptour
bnpparibasopen	atptour
atptour	bnpparibasopen
atptour	carowozniacki
daviscup	atptour
atptour	daviscup
fedcup	atptour
milosraonic	atptour
atptour	milosraonic
mutuamadridopen	atptour
atptour	mutuamadridopen
nikecourt	atptour
rafaelnadal	atptour
atptour	rafaelnadal
rogerfederer	atptour
atptour	rogerfederer
tennis	atptour
atptour	tennis
tennis_now	atptour
atptour	tennis_now
tennischannel	atptour
atptour	tennischannel
usopen	atptour
atptour	usopen
usta	atptour
atptour	usta
wimbledon	atptour
wta	atptour
atptour	wta
bbctennis	australianopen
australianopen	bbctennis
bnpparibasopen	australianopen
australianopen	bnpparibasopen
australianopen	carowozniacki
daviscup	australianopen
australianopen	daviscup
fedcup	australianopen
australianopen	fedcup
australianopen	milosraonic
mutuamadridopen	australianopen
nikecourt	australianopen
australianopen	nikecourt
rafaelnadal	australianopen
australianopen	rafaelnadal
rogerfederer	australianopen
australianopen	rogerfederer
australianopen	serenawilliams
australianopen	simona_halep
tennis	australianopen
australianopen	tennis
tennis_now	australianopen
australianopen	tennis_now
tennischannel	australianopen
australianopen	tennischannel
usopen	australianopen
australianopen	usopen
usta	australianopen
australianopen	usta
venuseswilliams	australianopen
australianopen	venuseswilliams
wimbledon	australianopen
australianopen	wimbledon
wta	australianopen
australianopen	wta
wta_insider	australianopen
australianopen	wta_insider
bnpparibasopen	bbctennis
bbctennis	bnpparibasopen
bbctennis	carowozniacki
daviscup	bbctennis
bbctennis	daviscup
fedcup	bbctennis
bbctennis	fedcup
bbctennis	milosraonic
mutuamadridopen	bbctennis
bbctennis	rafaelnadal
bbctennis	rogerfederer
bbctennis	serenawilliams
bbctennis	simona_halep
tennis	bbctennis
bbctennis	tennis
tennis_now	bbctennis
tennischannel	bbctennis
bbctennis	tennischannel
usopen	bbctennis
bbctennis	usopen
bbctennis	venuseswilliams
wimbledon	bbctennis
bbctennis	wimbledon
wta	bbctennis
bbctennis	wta
wta_insider	bbctennis
bbctennis	wta_insider
bnpparibasopen	carowozniacki
daviscup	bnpparibasopen
bnpparibasopen	daviscup
fedcup	bnpparibasopen
bnpparibasopen	fedcup
bnpparibasopen	milosraonic
mutuamadridopen	bnpparibasopen
bnpparibasopen	mutuamadridopen
nikecourt	bnpparibasopen
bnpparibasopen	rafaelnadal
bnpparibasopen	rogerfederer
bnpparibasopen	serenawilliams
bnpparibasopen	simona_halep
tennis	bnpparibasopen
bnpparibasopen	tennis
tennis_now	bnpparibasopen
bnpparibasopen	tennis_now
tennischannel	bnpparibasopen
bnpparibasopen	tennischannel
usopen	bnpparibasopen
bnpparibasopen	usopen
usta	bnpparibasopen
bnpparibasopen	usta
bnpparibasopen	venuseswilliams
wimbledon	bnpparibasopen
bnpparibasopen	wimbledon
wta	bnpparibasopen
bnpparibasopen	wta
wta_insider	bnpparibasopen
bnpparibasopen	wta_insider
daviscup	carowozniacki
fedcup	carowozniacki
mutuamadridopen	carowozniacki
carowozniacki	rafaelnadal
carowozniacki	rogerfederer
serenawilliams	carowozniacki
carowozniacki	serenawilliams
tennis	carowozniacki
tennis_now	carowozniacki
tennischannel	carowozniacki
usopen	carowozniacki
usta	carowozniacki
venuseswilliams	carowozniacki
carowozniacki	venuseswilliams
wimbledon	carowozniacki
wta	carowozniacki
wta_insider	carowozniacki
fedcup	daviscup
daviscup	fedcup
daviscup	milosraonic
mutuamadridopen	daviscup
daviscup	mutuamadridopen
nikecourt	daviscup
daviscup	rafaelnadal
daviscup	rogerfederer
tennis	daviscup
daviscup	tennis
tennis_now	daviscup
daviscup	tennis_now
tennischannel	daviscup
daviscup	tennischannel
usopen	daviscup
daviscup	usopen
usta	daviscup
daviscup	usta
daviscup	wimbledon
wta	daviscup
daviscup	wta
fedcup	livetennis
fedcup	milosraonic
mutuamadridopen	fedcup
fedcup	mutuamadridopen
nikecourt	fedcup
fedcup	rafaelnadal
fedcup	serenawilliams
fedcup	simona_halep
tennis	fedcup
fedcup	tennis
tennis_now	fedcup
fedcup	tennis_now
tennischannel	fedcup
fedcup	tennischannel
usopen	fedcup
fedcup	usopen
usta	fedcup
fedcup	usta
venuseswilliams	fedcup
fedcup	venuseswilliams
wimbledon	fedcup
fedcup	wimbledon
wta	fedcup
fedcup	wta
wta_insider	fedcup
nikecourt	livetennis
tennis	livetennis
usopen	livetennis
wta	livetennis
mutuamadridopen	milosraonic
rogerfederer	milosraonic
serenawilliams	milosraonic
tennis	milosraonic
tennis_now	milosraonic
tennischannel	milosraonic
usopen	milosraonic
wimbledon	milosraonic
milosraonic	wimbledon
mutuamadridopen	nikecourt
mutuamadridopen	rafaelnadal
mutuamadridopen	rogerfederer
mutuamadridopen	serenawilliams
mutuamadridopen	simona_halep
tennis	mutuamadridopen
mutuamadridopen	tennis
tennis_now	mutuamadridopen
tennischannel	mutuamadridopen
usopen	mutuamadridopen
mutuamadridopen	usopen
usta	mutuamadridopen
mutuamadridopen	venuseswilliams
mutuamadridopen	wimbledon
wta	mutuamadridopen
mutuamadridopen	wta
wta_insider	mutuamadridopen
mutuamadridopen	wta_insider
rafaelnadal	nikecourt
nikecourt	rafaelnadal
rogerfederer	nikecourt
nikecourt	serenawilliams
nikecourt	simona_halep
tennis	nikecourt
tennis_now	nikecourt
tennischannel	nikecourt
nikecourt	tennischannel
usopen	nikecourt
nikecourt	usopen
usta	nikecourt
nikecourt	usta
wimbledon	nikecourt
nikecourt	wimbledon
wta	nikecourt
nikecourt	wta
wta_insider	nikecourt
rogerfederer	rafaelnadal
rafaelnadal	rogerfederer
tennis	rafaelnadal
tennis_now	rafaelnadal
tennischannel	rafaelnadal
rafaelnadal	tennischannel
usopen	rafaelnadal
rafaelnadal	usopen
usta	rafaelnadal
wimbledon	rafaelnadal
rafaelnadal	wimbledon
wta	rafaelnadal
serenawilliams	rogerfederer
rogerfederer	serenawilliams
tennis	rogerfederer
tennis_now	rogerfederer
tennischannel	rogerfederer
rogerfederer	tennischannel
usopen	rogerfederer
rogerfederer	usopen
usta	rogerfederer
wimbledon	rogerfederer
rogerfederer	wimbledon
wta	rogerfederer
wta_insider	rogerfederer
tennis	serenawilliams
tennis_now	serenawilliams
tennischannel	serenawilliams
usopen	serenawilliams
usta	serenawilliams
venuseswilliams	serenawilliams
serenawilliams	venuseswilliams
wimbledon	serenawilliams
wta	serenawilliams
wta_insider	serenawilliams
tennis	simona_halep
tennis_now	simona_halep
tennischannel	simona_halep
usopen	simona_halep
wimbledon	simona_halep
wta	simona_halep
wta_insider	simona_halep
tennis_now	tennis
tennis	tennis_now
tennischannel	tennis
tennis	tennischannel
usopen	tennis
tennis	usopen
usta	tennis
tennis	usta
venuseswilliams	tennis
tennis	venuseswilliams
wimbledon	tennis
tennis	wimbledon
wta	tennis
tennis	wta
wta_insider	tennis
tennis	wta_insider
tennischannel	tennis_now
tennis_now	tennischannel
tennis_now	usopen
usta	tennis_now
tennis_now	usta
tennis_now	venuseswilliams
tennis_now	wimbledon
tennis_now	wta
wta_insider	tennis_now
tennis_now	wta_insider
usopen	tennischannel
tennischannel	usopen
usta	tennischannel
tennischannel	usta
tennischannel	venuseswilliams
tennischannel	wimbledon
wta	tennischannel
tennischannel	wta
wta_insider	tennischannel
tennischannel	wta_insider
usta	usopen
usopen	usta
venuseswilliams	usopen
usopen	venuseswilliams
wimbledon	usopen
usopen	wimbledon
wta	usopen
usopen	wta
wta_insider	usopen
usopen	wta_insider
usta	venuseswilliams
wimbledon	usta
usta	wimbledon
wta	usta
usta	wta
wta_insider	usta
usta	wta_insider
wimbledon	venuseswilliams
venuseswilliams	wimbledon
wta	venuseswilliams
venuseswilliams	wta
wta_insider	venuseswilliams
wta	wimbledon
wimbledon	wta
wta_insider	wimbledon
wimbledon	wta_insider
wta_insider	wta
wta	wta_insider
